Debut	Face hydrophobe	Face hydrophyle	Fin	Helice	Hyd.Moment	Hydrophobicity	Longueur	Name	sequence
[30, 0]	['AFPLVF', 'LALVPA']	['AKEGTG', 'SNQRMR']	[65, 20]	['RTTAAEPQTAAPVAAEDVFAYTKNLPGVTAPFEGVF', 'MLANVVSRKASGLRQTPARAT']	[0.23068000000000002, 0.31384]	[0.39056, 0.22048]	[36, 21]	0	MLANVVSRKASGLRQTPARATVAVKSVSGRRTTAAEPQTAAPVAAEDVFAYTKNLPGVTAPFEGVF
[6]	['VAVAAA']	['SGAKQR']	[42]	['SQTLRPVSAVASRRVSVVVRAQAGAEKSASNTTGKAK']	[0.22914]	[0.10162]	[37]	1	MALLMRSQTLRPVSAVASRRVSVVVRAQAGAEKSASNTTGKAKL
[]	[]	[]	[]	[]	[]	[]	[]	2	MALCMQTRSVGAVRRTSAVRSAPFRGSRMVVRAT
[40, 27, 66]	['VYAAPGG', 'APGMAA', 'AIVLVLP']	['YVSGSAGSHT', 'RPRQRIEA', 'PDARAI']	[65, 39, 75]	['GAVTVHARSGGYSAPGGGRGYSSTPG', 'PIGAQAMRRPARE', 'IVDRVLAALP']	[0.10363, 0.24479, 0.56348]	[0.2, 0.11615, 0.72]	[26, 13, 10]	3	MQALASHRTLATPARPRALGCASLPFRPIGAQAMRRPAREGAVTVHARSGGYSAPGGGRGYSSTPGIVDRVLAALPY
[12]	['VGAVM']	['PTGRT']	[30]	['ATAARRQMPLGLGRVSTVR']	[0.12197999999999999]	[0.26]	[19]	4	MAVAMRSSTGLRATAARRQMPLGLGRVSTVRVCAADTKKAQVISPVNGD
[]	[]	[]	[]	[]	[]	[]	[]	5	MVAVRGRRALAVRA
[]	[]	[]	[]	[]	[]	[]	[]	6	MWEEECKNMQASKKRSS
[]	[]	[]	[]	[]	[]	[]	[]	7	MQMQQQRMRFSRDARRIG
[1]	['LGAYLVA']	['ICQALN']	[16]	['LILGAQEYYALVCNAE']	[0.19698]	[0.65063]	[16]	8	MLILGAQEYYALVCNAEWF
[0]	['AVAMA']	['SRQTT']	[21]	['MQTMRVAFRPAATSRSTVVTRA']	[0.16869]	[0.29864]	[22]	9	MQTMRVAFRPAATSRSTVVTRA
[4]	['APAAAAAA']	['ASARRPRA']	[17]	['ASPAARAAARPAAR']	[0.22391999999999998]	[0.06071]	[14]	10	MMLKASPAARAAARPAARNVRMM
[]	[]	[]	[]	[]	[]	[]	[]	11	MIAAKSQVALGRRAPVRGQRVVAA
[0]	['MAGLPVAV']	['SMSSRAL']	[18]	['MAMLLKSRVSAGVSRPSRA']	[0.20717]	[0.30368]	[19]	12	MAMLLKSRVSAGVSRPSRATVRVSA
[]	[]	[]	[]	[]	[]	[]	[]	13	ELKMVLCVNMSLKMGTGKVGAQCAH
[0]	['ILPMA']	['QTAAR']	[10]	['MQALATRPSAI']	[0.36454000000000003]	[0.48818]	[11]	14	MQALATRPSAIRPTKAARRSSVVVRA
[0]	['MAMGA']	['VLRAT']	[11]	['MALTMKRSGVAA']	[0.08822]	[0.3775]	[12]	15	MALTMKRSGVAARSASSRKSVVTCVA
[15]	['AAVAP']	['RRRAQA']	[24]	['ARQAPRAVRA']	[0.40626]	[-0.007]	[10]	16	MALSMIAQRRAGAFSARQAPRAVRAQ
[]	[]	[]	[]	[]	[]	[]	[]	17	MLSTRTRASAAPASRRSRSTVVSVRA
[]	[]	[]	[]	[]	[]	[]	[]	18	MALMMKSSASLKAVSAGRSRRAVVVRA
[0]	['MGMAA']	['VAATS']	[17]	['MQAKMQTRAVSGRAAARS']	[0.05636]	[0.052779999999999994]	[18]	19	MQAKMQTRAVSGRAAARSRVSTTKVVC
[]	[]	[]	[]	[]	[]	[]	[]	20	MQTLSVKSTRASVVPRRGRATTVAVKA
[]	[]	[]	[]	[]	[]	[]	[]	21	MQSLASRPCVLRAQRPFTAKRSSVVRVRA
[10]	['AAAMG']	['GRKASA']	[18]	['RSAMKAAGA']	[0.26645]	[0.04778]	[9]	22	MSSTATMPGQRSAMKAAGAQSRRAVKVMA
[]	[]	[]	[]	[]	[]	[]	[]	23	MQTKAFTSARPQRAAALKAQRTSSVTVRA
[7]	['VALAAAP']	['RPVRARVSV']	[26]	['PSLRASARVAPRRAPRVAVV']	[0.15223]	[0.258]	[20]	24	MQTLASRPSLRASARVAPRRAPRVAVVTKA
[1]	['AAIVV']	['SASGR']	[19]	['QVSFARSTVSRARAGISGR']	[0.15975]	[0.14737]	[19]	25	MQVSFARSTVSRARAGISGRTSRRTHVAVSN
[5]	['VFGAAA']	['GARTG']	[30]	['SFSRKALQVSAKATGKKGTGKTAAKQ']	[0.09604]	[-0.018080000000000002]	[26]	26	MAFALSFSRKALQVSAKATGKKGTGKTAAKQ
[4]	['AGVFV']	['SSKSRNG']	[31]	['TNLTSSGASTVRPAHKRFHGRVSVVPRA']	[0.29395]	[0.21393]	[28]	27	MLAHTNLTSSGASTVRPAHKRFHGRVSVVPRA
[1]	['AAVVV']	['RGSA']	[31]	['SMCIARGSVRGCARPVVAQHRPARSRVVSIA']	[0.2078]	[0.34484000000000004]	[31]	28	MSMCIARGSVRGCARPVVAQHRPARSRVVSIAC
[]	[]	[]	[]	[]	[]	[]	[]	29	VSTGVTLRENNLREIEGGNIMESQGILVANRKSL
[7]	['AGAAF']	['PLSTRSG']	[19]	['LSARTAAPRGFSG']	[0.20384000000000002]	[0.25385]	[13]	30	MALSMRTLSARTAAPRGFSGRRVAAVSNGSRVTM
[13]	['IAVPLL']	['SLQRRA']	[33]	['QLSAAVRLPAAIEQAVGRQLL']	[0.31298000000000004]	[0.47381]	[21]	31	MRLLVACALLALLQLSAAVRLPAAIEQAVGRQLL
[1]	['FMGAL']	['ATAQQ']	[11]	['MLTQGRAFAAQ']	[0.24531]	[0.40545]	[11]	32	MMLTQGRAFAAQRPAVQQRRMAVRANVARVPQVN
[22]	['VAVAVAA']	['VAARDVAV']	[30]	['AVVVRAAAD']	[0.2614]	[0.34667]	[9]	33	MAALMQKSALSRPACSTRSSRRAVVVRAAADRKLWA
[14]	['PAAFA']	['RQSS']	[23]	['SARQPFRSAA']	[0.36509]	[0.112]	[10]	34	MQTTLKQQRASGRVSARQPFRSAAVARPRRSTVRVQA
[18]	['ALAAVPAPIV']	['PIVRRRALAAV']	[30]	['RAAVAVPRLPIRA']	[0.30624]	[0.43]	[13]	35	MALLAPTTRCLSRPASSSRAAVAVPRLPIRARNVRVF
[0, 21]	['AMAAV', 'VAAVGAL']	['PSQSR', 'RTRQVR']	[19, 37]	['MQQTVLRASSGAVSGRPTAV', 'VATRASQRGRVALRPVA']	[0.19004000000000001, 0.24304]	[0.309, 0.19294]	[20, 17]	36	MQQTVLRASSGAVSGRPTAVPVATRASQRGRVALRPVA
[8]	['PGIAGV']	['GVRASPG']	[16]	['VSGARPIGA']	[0.21309]	[0.36778]	[9]	37	MQVMQTRTVSGARPIGASSSRVTLAAVKQVKVSSTTTS
[11]	['VAFAAAAP']	['RVRRRSVAR']	[31]	['AVAFSRQARVAPRVAASVARR']	[0.28815]	[0.20048]	[21]	38	MAALQSASRSSAVAFSRQARVAPRVAASVARRSLVVRA
[5]	['AAAGA']	['RSQAAH']	[38]	['RQAGRQTARNAAASKRAARAPARASRSAAVHVRA']	[0.21921999999999997]	[-0.07794]	[34]	39	MQLLNRQAGRQTARNAAASKRAARAPARASRSAAVHVRA
[0]	['IAWAGFV']	['AKATAK']	[38]	['MQIQALFKKTGASAPAKKGTASTKVVKPSKAGGKATRGW']	[0.22807]	[0.16333]	[39]	40	MQIQALFKKTGASAPAKKGTASTKVVKPSKAGGKATRGW
[22]	['LPAAV']	['NAKG']	[34]	['LVAKAAKTANGPR']	[0.33137]	[0.11922999999999999]	[13]	41	MQLTRTQVSRSGVRPTRASRRVLVAKAAKTANGPRVAIV
[18, 7]	['VAVAV', 'AAAPF']	['RPSSAVA', 'SRGAQ']	[34, 16]	['PAVRSGVRVARSRASAV', 'SAAPRQAFGA']	[0.24011, 0.21761999999999998]	[0.15765, 0.248]	[17, 10]	42	MALAMQRSAAPRQAFGAKPAVRSGVRVARSRASAVSVRA
[2, 23]	['PLVLM', 'VAAVP']	['MAQSQ', 'VARV']	[18, 39]	['MMSLQQRLLQPSAGVRS', 'RPVVAPRPVVVVRAAAL']	[0.29231, 0.08736000000000001]	[0.41235, 0.55235]	[17, 17]	43	MAMMSLQQRLLQPSAGVRSVAPFRPVVAPRPVVVVRAAAL
[11]	['PVVVAG']	['AASRAAA']	[36]	['QSLAGAPVAPVKAGRAGVSRRGLAVS']	[0.1506]	[0.27769]	[26]	44	MPVQQMTSMRSQSLAGAPVAPVKAGRAGVSRRGLAVSVRA
[3]	['ALLIMA']	['SARSAR']	[39]	['AMKAQASSLVAGQRRAVRPASGRRAVITRAALELKSP']	[0.20764000000000002]	[0.18919]	[37]	45	MALAMKAQASSLVAGQRRAVRPASGRRAVITRAALELKSP
[20, 6]	['LVLAI', 'ILAYPAP']	['CRNTTQ', 'APHGSIL']	[39, 15]	['CYVQTGAQQLKNRLNTSIRA', 'PHIAAGLYPS']	[0.26166999999999996, 0.16926]	[0.2575, 0.661]	[20, 10]	46	MNLLARPHIAAGLYPSTRRKCYVQTGAQQLKNRLNTSIRAQ
[0, 24]	['MMLGL', 'ILPAAA']	['QSRA', 'RRQSLT']	[12, 35]	['MLSMLGRKGQAMC', 'ASIARLLAQTPR']	[0.4137, 0.49896]	[0.51385, 0.4025]	[13, 12]	47	MLSMLGRKGQAMCLRSSRQVPSTRASIARLLAQTPRPNVRAN
[5]	['APGVFV']	['ASTSA']	[39]	['ARSSASTAFAGRRASGVACPRAPVSPVCIRRSVVS']	[0.058]	[0.31486]	[35]	48	MAALLARSSASTAFAGRRASGVACPRAPVSPVCIRRSVVSVRA
[17]	['AAVAAAAAAP']	['VRAARKAV']	[43]	['AARPAARRAVVVRAEAEAAPAAAKKAA']	[0.14331]	[0.07926]	[27]	49	MRTQAPAATRASSRVAVAARPAARRAVVVRAEAEAAPAAAKKAA
[0]	['LAFAYPA']	['RAARSE']	[39]	['MALVARPVLSARVAASRPRVAARKAVRVSAKYGENSRYFD']	[0.15616]	[0.21675]	[40]	50	MALVARPVLSARVAASRPRVAARKAVRVSAKYGENSRYFDLQDMEN
[29, 12, 0]	['AGGYG', 'PAAAAG', 'PMFPVPGF']	['GSRRV', 'KPTTKKK', 'GFTTKPMF']	[46, 28, 10]	['KVATSTGTRSGGVGYRKY', 'KKAGTTATKPAPKATTK', 'MVFKFPTPPGT']	[0.11678, 0.20538, 0.27863000000000004]	[0.07611, -0.05706, 0.70182]	[18, 17, 11]	51	MVFKFPTPPGTQKKAGTTATKPAPKATTKKVATSTGTRSGGVGYRKY
[28]	['VAMVAG']	['NPQAKS']	[39]	['SVNAAAPKMGQV']	[0.26141]	[0.28917]	[12]	52	MLGMKLSPRHVSSRAKPAPAMRGRKVCVSVNAAAPKMGQVKKVVLAY
[8]	['AALGVI']	['AAKAS']	[42]	['ALPARAARASARVGLRPASGVSSRRVATKAIEDTN']	[0.11978]	[0.12542999999999999]	[35]	53	MLAAKTCPALPARAARASARVGLRPASGVSSRRVATKAIEDTNLFVNIL
[0, 36]	['FAPVM', 'AGGFP']	['AARSA', 'SRGRTA']	[18, 45]	['MATRMVSAFRAAPLSTMAS', 'PGAGSRGFRT']	[0.21447, 0.33986]	[0.47631999999999997, 0.102]	[19, 10]	54	MATRMVSAFRAAPLSTMASRTLLHRVSITATPSLVRPGAGSRGFRTTTVA
[8, 27]	['AGVVG', 'VAGPVV']	['KSRST', 'NRAAA']	[26, 42]	['SSKVMSCGKVGQRRVSTAS', 'PLAVVRRGAARVNAAR']	[0.21761, 0.23475]	[0.13579000000000002, 0.18688]	[19, 16]	55	MAVNMVLSSSKVMSCGKVGQRRVSTASPLAVVRRGAARVNAARPLSRPPA
[0, 40, 19]	['VGIGP', 'IILLAAP', 'PVLLM']	['GRSSV', 'PREARI', 'DHREKP']	[18, 50, 28]	['MSEPGAGPSDGQVVTRKIR', 'RRLAEILPAIA', 'LHKVMRPLDE']	[0.1902, 0.60358, 0.70996]	[0.14526, 0.54455, 0.329]	[19, 11, 10]	56	MSEPGAGPSDGQVVTRKIRLHKVMRPLDESSPSSQEQHMDRRLAEILPAIA
[1, 22]	['APLVGM', 'PAPPGAI']	['NRAAV', 'VSRSSTSVA']	[21, 41]	['SLQATMNAPCATGRVARRSVK', 'VSAISAPPTPARAPSSTGSV']	[0.29354, 0.09747]	[0.21286, 0.3835]	[21, 20]	57	MSLQATMNAPCATGRVARRSVKVSAISAPPTPARAPSSTGSVKRAMTMTEKI
[21]	['LVLAL']	['FRKRQGE']	[37]	['FGVKKTANQLLRELARG']	[0.4251]	[0.20765]	[17]	58	MAVASTSRPSSARPIVINAASFGVKKTANQLLRELARGSARKSTSRSAVTGATGATC
[34, 0]	['AAAVF', 'MALAAA']	['RAAAS', 'FTNAA']	[56, 12]	['SRRAALAGFAGAAALVSSSPANA', 'MATALCNKAFAAA']	[0.15737, 0.26181]	[0.31043000000000004, 0.52231]	[23, 13]	59	MATALCNKAFAAAPVARPASRRSAVVVRASGSDVSRRAALAGFAGAAALVSSSPANA
[4]	['YLALA']	['QDGTED']	[40]	['KGFLLGTRQTLLETNDGGKTWAPRSIDAARDEGFNYR']	[0.16379000000000002]	[0.18946]	[37]	60	RNPTKGFLLGTRQTLLETNDGGKTWAPRSIDAARDEGFNYRFNSISFAGKEGWIVGKP
[32, 14, 2]	['VVILFL', 'MFLALPGLLV', 'IAAFAG']	['NKDTSE', 'GLLVETMFLA', 'DAKEI']	[59, 25, 11]	['KTWFTPVGKVLDERDNLIRSKLGSVKDN', 'LTLPVMAGEFLL', 'AAAEAGKIFD']	[0.41303, 0.11563, 0.43204]	[0.20107, 0.9741700000000001, 0.243]	[28, 12, 10]	61	MPAAAEAGKIFDFNLTLPVMAGEFLLLMVFLEKTWFTPVGKVLDERDNLIRSKLGSVKDN
[14]	['AVVAAA']	['VNRRRQV']	[37]	['RRSAVAVVRTAPVARRMVCQAANW']	[0.17345]	[0.33542]	[24]	62	MLQAQKRVVFGQAQRRSAVAVVRTAPVARRMVCQAANWKGDSEEKLQPKEIVLRSVNVMVLG
[14, 0, 47]	['LPVGVLV', 'ALGAGAMLAAPLG', 'MIVALL']	['TSRAKRG', 'LAAPLGRALGAGA', 'MQEGR']	[46, 13, 63]	['KLLSLLRTGIRMRTAVRKRVHTPAATVMGTFSR', 'MPAGAGGAARALLL', 'RLMRICESAVGMLQRVA']	[0.34564, 0.18037, 0.57058]	[0.34758, 0.54214, 0.49]	[33, 14, 17]	63	MPAGAGGAARALLLKLLSLLRTGIRMRTAVRKRVHTPAATVMGTFSRRLMRICESAVGMLQRVA
[26, 2]	['WAAPVAA', 'ILAGMGMI']	['ARTEKVV', 'TGFTGTLIR']	[51, 18]	['QVVVWNRNPDKCAALAAEGAKVASTP', 'TTLGFIGIGIMGLAMTR']	[0.28165999999999997, 0.036789999999999996]	[0.31038000000000004, 0.77235]	[26, 17]	64	GKTTLGFIGIGIMGLAMTRNLLKAGYQVVVWNRNPDKCAALAAEGAKVASTPQEVAAAATYTFAM
[21, 1]	['MLGLAV', 'AAALAGV']	['VASAGGGT', 'SLSQGR']	[48, 17]	['PVGLHAGAIGMQSALAGGRAAGRGRVAT', 'QLRQAGLRARSTASGAV']	[0.08619, 0.17025]	[0.31643000000000004, 0.15118]	[28, 17]	65	MQLRQAGLRARSTASGAVPCIPVGLHAGAIGMQSALAGGRAAGRGRVATRLPAPKRQSERVRVVAQ
[0, 19]	['PGVVGVA', 'PGIVL']	['ARGKSRKP', 'VNDKS']	[12, 29]	['RRVVKPVASGGGK', 'GLNSIEDPVVK']	[0.41002, 0.5112800000000001]	[0.05, 0.32909]	[13, 11]	66	RRVVKPVASGGGKTDITKVGLNSIEDPVVKQNLMGKSRFMNKKDWKDASGRKGKGYGVYRYEDKYGAN
[30, 0]	['AAGLAA', 'MPPVAV']	['KDAARK', 'RQSRA']	[67, 19]	['CRVYASAVATKTVKIGTRGSPLALAQAYMTRDLLKKSF', 'MQQCVGRSVRAPSSRAVAPK']	[0.15917, 0.24609]	[0.37526, 0.211]	[38, 20]	67	MQQCVGRSVRAPSSRAVAPKVAGARVSRRVCRVYASAVATKTVKIGTRGSPLALAQAYMTRDLLKKSF
[45, 22]	['IAFAGLG', 'APAVAVVAM']	['IATGGP', 'VVAMRAPAV']	[68, 31]	['NLILAGGAGLPITTLALGYGAFFV', 'VMPVVRAAAA']	[0.02266, 0.25284]	[0.8225, 0.584]	[24, 10]	68	MAMLSSRRVAAPAKASAIRRSRVMPVVRAAAASSEVPDMNKRNIMNLILAGGAGLPITTLALGYGAFFV
[58]	['LFPPGGLGF']	['LGFSDDLF']	[69]	['GSLPGDFGFDPL']	[0.17368]	[0.57]	[12]	69	MMLTKSAQAAFSGKVARPAKANRARLVCRAEEKSIAKVDRSKDQLYVGASQSSLAYLDGSLPGDFGFDPL
[11, 47]	['AAAVA', 'WLLWV']	['SANSR', 'PGDSP']	[40, 65]	['SARSSARPAFARAAPRRSVVVRAEAGAVND', 'VLESSVPVLVDFWAPWCGP']	[0.09045, 0.45214]	[0.089, 0.8994700000000001]	[30, 19]	70	MALVARRAAVPSARSSARPAFARAAPRRSVVVRAEAGAVNDDTFKNVVLESSVPVLVDFWAPWCGPCRII
[4, 43]	['PGAFVV', 'PVVAG']	['VRRASP', 'KVDVN']	[13, 52]	['RSAVRPFVAG', 'PAVVVGDNVK']	[0.34944000000000003, 0.26852]	[0.351, 0.355]	[10, 10]	71	MLASRSAVRPFVAGRRPTVACSAKLSLHTLRQDMARSQLKTNLPAVVVGDNVKVGLAVQEGNGKTRTQTL
[14, 1]	['AAAAGV', 'AAMVAI']	['AAATKA', 'AMQGM']	[50, 13]	['AGERRSAVAPKMGRAATAPVVVASANASAFKGAAVTA', 'AAMMMRQKVAGAI']	[0.09863, 0.1814]	[0.23621999999999999, 0.44077]	[37, 13]	72	MAAMMMRQKVAGAIAGERRSAVAPKMGRAATAPVVVASANASAFKGAAVTARVKRSTRAARVQSRRTAVLTQA
[9, 54]	['LAPPVA', 'AGGAGFG']	['FVRSTVQ', 'FGTGQCAG']	[23, 64]	['RPFTAARQPRSLVVV', 'AAGQGGTCGFG']	[0.13709000000000002, 0.037739999999999996]	[0.412, 0.36273]	[15, 11]	73	MQVASRASVRPFTAARQPRSLVVVNASSDARLRLHNLSPEPGSRRDEKRKGRGYAAGQGGTCGFGNRGQKARSG
[34, 4, 62]	['WPAWAA', 'VAVPA', 'LLGLP']	['GDKRS', 'SASS', 'GGDY']	[59, 24, 74]	['VKEAREWIDAWKSKSGGAKRDAALPS', 'LAKSSAFGVAAKPVSRRSSVA', 'PGADLPGYLNGTL']	[0.30739, 0.05056, 0.41552]	[0.09885, 0.24856999999999999, 0.5153800000000001]	[26, 21, 13]	74	MAFVLAKSSAFGVAAKPVSRRSSVAVKASAVPENVKEAREWIDAWKSKSGGAKRDAALPSWMPGADLPGYLNGTL
[17, 43]	['VIPGV', 'VVPVAF']	['RNRG', 'NNEAA']	[33, 59]	['TVRCIVRCGAGVNNIPV', 'VFNTPGANANAVKELVI']	[0.40531, 0.30828]	[0.56647, 0.43706000000000006]	[17, 17]	75	MAIMLRSHQLKQEEVPPTVRCIVRCGAGVNNIPVPKMTELGIPVFNTPGANANAVKELVICGLLLASRGILEGNKY
[13, 42]	['APVVAVAAVV', 'VAFAY']	['PRARSEKAVSP', 'RKGKV']	[40, 50]	['RKAARSVSSRAPVVVRAVAAPVAPAAEA', 'AKKAYGVFR']	[0.26702, 0.48362]	[0.2425, 0.17778]	[28, 9]	76	MALNMKQQQAGLSRKAARSVSSRAPVVVRAVAAPVAPAAEAEAKKAYGVFRLSYDTQNEDASLTRSWKKTVKVAVT
[30, 20]	['VVAVAAA', 'AILAA']	['SAQART', 'CRQPR']	[71, 29]	['FQPVVRQSAQQQRSSVGRAMPKVVAAAVAADAAAETVKLPAG', 'AARPIAQRLC']	[0.10962999999999999, 0.36472]	[0.27262, 0.445]	[42, 10]	77	MATMQKSSVAVRSSSSANLVAARPIAQRLCFQPVVRQSAQQQRSSVGRAMPKVVAAAVAADAAAETVKLPAGYHWYETM
[8, 43]	['AAIVP', 'PVWIV']	['QERAR', 'GSSNR']	[26, 61]	['NIAAKPQRAQRLVVRAEEV', 'KILRPESYWFNQVGKVVSV']	[0.29064, 0.4555]	[0.14632, 0.50368]	[19, 19]	78	MQALSSRVNIAAKPQRAQRLVVRAEEVKAAPKKEVGPKRGSLVKILRPESYWFNQVGKVVSVDQSGVRYPVVVRFENQNY
[44]	['LLGVFV']	['SQDADA']	[72]	['SPSILSADFSRLGDEVRAIDQAGCDWVHI']	[0.33109]	[0.43033999999999994]	[29]	79	MQALQMRSSSKAVGARSAKPSRASAVRVQATSRVDKCKKSDIIVSPSILSADFSRLGDEVRAIDQAGCDWVHIDVMDGRFV
[39, 21, 69]	['LPAVGIA', 'AAAFA', 'ALPFA']	['AFQNAKV', 'QKAES', 'RPRGP']	[64, 38, 80]	['VAAAVIAAPANAGVVLQQPVLKKAFQ', 'VSAHKGAFEQAQVAAAAF', 'AAPPPKREFRGL']	[0.12035, 0.19884000000000002, 0.4071]	[0.52962, 0.345, 0.21833000000000002]	[26, 18, 12]	80	MALRCKTPAATCAARSRRSVRVSAHKGAFEQAQVAAAAFVAAAVIAAPANAGVVLQQPVLKKAFQDDTPAAPPPKREFRGL
[51, 13, 38]	['VVMAALILLPY', 'FMAPFG', 'LALLAP']	['SGLGSSHEPAAD', 'SLMNRSGF', 'PRSDCL']	[79, 25, 47]	['LAASSAISPVPSDLPEVLGDALHRLGAMY', 'LSAGNFPSRMFMG', 'LRCAASLLPD']	[0.36965, 0.18811, 0.38711999999999996]	[0.53172, 0.54462, 0.616]	[29, 13, 10]	81	MSSSMCLARCSASLSAGNFPSRMFMGRLHAQRRTRTLQLRCAASLLPDQPTLAASSAISPVPSDLPEVLGDALHRLGAMYVLA
[42, 22, 64]	['LPPAG', 'VVAAV', 'FMAVAFAG']	['LAGEAT', 'PVASVR', 'RVTDNADG']	[63, 35, 82]	['LGPLERGGTLSGDAAAGKASPK', 'SSVVVRATAEAPVV', 'MNFFVDAGDKARAMATGVT']	[0.08042, 0.11755, 0.31371]	[0.16182, 0.44856999999999997, 0.32105]	[22, 14, 19]	82	MQMLASSSRSAIRASRPTGSSRSSVVVRATAEAPVVEKKERKLGPLERGGTLSGDAAAGKASPKMNFFVDAGDKARAMATGVT
[47]	['AYIPVGG']	['KGGRRKVI']	[67]	['RRGVKVYGGQPVKAGGIIVRQ']	[0.29755]	[0.23905]	[21]	83	MLASTIQSSVLRSSVRAAPAPKRALVIQNAHKKGSGSTKNGRDSNAKRRGVKVYGGQPVKAGGIIVRQCGSTWNAGDNCMLGRDFTVF
[23, 3, 51, 78]	['VVPAP', 'VAPAG', 'VLVAWL', 'AAIVAIIIVVAG']	['VAKASL', 'VTART', 'VEKKGEKS', 'IIVVAGAAIVAI']	[43, 21, 70, 89]	['AALPVPVNKRAVLVRAEPESS', 'KASTVTTLPARKGVRAVAR', 'VKLQKQAEEVLKQVQGKWES', 'AAIAIIVGVIVA']	[0.1127, 0.219, 0.47568999999999995, 0.25642]	[0.31951999999999997, 0.16053, 0.141, 1.00833]	[21, 19, 20, 12]	84	MMLKASTVTTLPARKGVRAVARSAALPVPVNKRAVLVRAEPESSTSAEDPSVKLQKQAEEVLKQVQGKWESTDDSEKPAAIAIIVGVIVAQ
[5, 61, 38, 78, 26]	['YLPIFF', 'AFVAIVGAM', 'VGGWY', 'VLLFVA', 'VLVVVILVY']	['NPKTKLY', 'SGPAHHAN', 'SAKF', 'KIHATS', 'LVYHGCVL']	[22, 77, 50, 92, 37]	['GFNLLNKTIFKYFPYPYT', 'FGPAAMHAVGHVAANIS', 'VYAVGLKSWSFGR', 'FAAVAISLTHTVKTL', 'IHVVVGLVYCVL']	[0.35588000000000003, 0.2573, 0.1703, 0.36798000000000003, 0.30018]	[0.6794399999999999, 0.5382399999999999, 0.56692, 0.68267, 1.16083]	[18, 17, 13, 15, 12]	85	YALNIGFNLLNKTIFKYFPYPYTVSTIHVVVGLVYCVLVYAVGLKSWSFGRPVTKQEFKNIFGPAAMHAVGHVAANISFAAVAISLTHTVKTLE
[31, 3]	['AVYAVFLVF', 'APMAA']	['LDAAKENKG', 'ASKVM']	[63, 14]	['GKAGAPVPEDVLAYAKTLPGVTAPFDNVFDPAG', 'MMRKAAAVPASS']	[0.31199, 0.30245]	[0.40212, 0.29667]	[33, 12]	86	MAMMMRKAAAVPASSRRSVAVNSVSGKRTVSGKAGAPVPEDVLAYAKTLPGVTAPFDNVFDPAGFLATASVKDVRRWRESEITHGRVAMLAALGF
[5, 78, 33]	['LAAALFPAV', 'VPLVV', 'LLGPVG']	['EVEAGAKKK', 'PEASA', 'SLSSL']	[32, 96, 42]	['TPEKAQAGLVKLVEEAAAEAVKAKGAFT', 'KAVSEALLSKVPIPAAQVY', 'LVLSGGSLPS']	[0.31271, 0.1829, 0.1844]	[0.20820999999999998, 0.50421, 0.692]	[28, 19, 10]	87	VLLYVTPEKAQAGLVKLVEEAAAEAVKAKGAFTLVLSGGSLPSLLAPLAASKSVDWSKTHIFYVDERNVPHSSADSTHKAVSEALLSKVPIPAAQVY
[19, 69, 86]	['IFPFVV', 'PWLYY', 'AWGILA']	['AQKNRRR', 'YKLDKGP', 'AKAEKA']	[60, 78, 95]	['RVAVARPARVATVIENRVALRFQRFGRKKLPFYRLVAIDSKK', 'YLGWYDPLKK', 'AIKEWLAKGA']	[0.17862999999999998, 0.56722, 0.52874]	[0.27619, 0.554, 0.406]	[42, 10, 10]	88	MQALSAKRSLGSIQPFTSSRVAVARPARVATVIENRVALRFQRFGRKKLPFYRLVAIDSKKRRDGEPLEYLGWYDPLKKETNLNAPAIKEWLAKGAL
[25, 0, 73]	['MPVVA', 'AGLLAM', 'LGVLL']	['SATAKR', 'GQQSGTH', 'LAGF']	[59, 16, 83]	['TKPCVHMSTSVKSHASHVNRQELAPEATARPVDAV', 'MQVLRGAAQHGHSQLGT', 'RGLLLFGLASV']	[0.17920999999999998, 0.26299, 0.11729]	[0.24056999999999998, 0.31059000000000003, 0.82455]	[35, 17, 11]	89	MQVLRGAAQHGHSQLGTSQTRAARSTKPCVHMSTSVKSHASHVNRQELAPEATARPVDAVDAPAPTPGVPTRRRGLLLFGLASVAASCSGLDLAACA
[]	[]	[]	[]	[]	[]	[]	[]	90	MQVTMKSSAVSGQRVGGARVATRSVRRAQLQV
[7]	['VPPAMGGAAAAA']	['AATSVRRKFRRVP']	[27]	['TFAARVGAKPAVRGARPASRM']	[0.19119]	[0.1881]	[21]	91	MAMAMRSTFAARVGAKPAVRGARPASRMSCMA
[]	[]	[]	[]	[]	[]	[]	[]	92	MASHSSTLLSSPTFAPFSSHRLHYSPNPSTLRFSRPIRNKPNLALRCS
[]	[]	[]	[]	[]	[]	[]	[]	93	MAKMMMLQQHQPSFSLLTSSLSDFNGAKLHLQVQYKRKVHQPKGALYVSAS
[51, 28, 7]	['VMVPV', 'AIGLAP', 'FLFLFLLF']	['LASDH', 'SPDTID', 'LLFTFLF']	[69, 42, 15]	['APTHVSASVIDTVLHMASS', 'ATAAPDGSDDLSIIP', 'FFFFLTLLL']	[0.24778000000000003, 0.17826, 0.31982]	[0.52053, 0.36933, 1.58]	[19, 15, 9]	94	MASSSLHFFFFLTLLLPFTFTTATRDTCATAAPDGSDDLSIIPINAKCSPFAPTHVSASVIDTVLHMASSDSHRLTYLSSLV
[0, 26]	['MIAPPIL', 'PPPLI']	['ILSNMIAP', 'FSS']	[8, 34]	['MPISIPLNA', 'PSSPLFSPI']	[0.15379, 0.41896000000000005]	[0.8488899999999999, 0.8144399999999999]	[9, 9]	95	MPISIPLNATLQYSSPSSSSSSSSLVPSSPLFSPIPSTTVSLTGIRQRCLRMVTSCV
[16]	['PFLAFL']	['RTKASS']	[52]	['NLFSNNNNPTKPFLLSLRFASSNSLPFVAPLKFSTTN']	[0.15535]	[0.46541000000000005]	[37]	96	MSSLCASNCYPSSSSINLFSNNNNPTKPFLLSLRFASSNSLPFVAPLKFSTTNHVLSNSRFSSNRIQRRLFLLRCV
[16, 0, 51]	['PAPLP', 'LPMAPAILG', 'LFIVAP']	['RSQTR', 'ILGSLPMA', 'ISNGGR']	[48, 9, 72]	['RTRNPKPTSFLSHNQRNPIRRIVSALQSPYGDS', 'MAGLAISPPL', 'AGLSSNVSGSPIKIDNKAPRFG']	[0.26666, 0.06867999999999999, 0.29665]	[0.16848, 0.845, 0.23864000000000002]	[33, 10, 22]	97	MAGLAISPPLGLSFSSRTRNPKPTSFLSHNQRNPIRRIVSALQSPYGDSLKAGLSSNVSGSPIKIDNKAPRFGVIEAK
[40]	['FAYAFV']	['GTKR']	[63]	['SFVSFQTSAMRSNGGYRKGVTEAK']	[0.23606999999999997]	[0.15542]	[24]	98	MASATFSVAKPSLQGFSEFSGLRNSSALPFAKRSSSDEFVSFVSFQTSAMRSNGGYRKGVTEAK
[]	[]	[]	[]	[]	[]	[]	[]	99	MAKASSTLFAVSCSASARFSFLRRSESLKPSVSRARFAVPMAMAA
[22, 0]	['IFFPL', 'MYLPA']	['PSSP', 'NSSRL']	[37, 14]	['LPTFSSKPTPISSSFR', 'MASSLLRNPNLYSST']	[0.34688, 0.28915]	[0.4725, 0.414]	[16, 15]	100	MASSLLRNPNLYSSTTITTTSFLPTFSSKPTPISSSFRFQPSHHRSISLRSQTLRLSCS
[11, 0, 32]	['VIGLAIA', 'AALAAIAPMV', 'AFLIG']	['SKQRAQ', 'IAPMVRAALAA', 'PSH']	[31, 10, 40]	['SLKAVAKLGFREISQIRQLAP', 'MAAAVAAPRLI', 'LHSAIPHFG']	[0.35863, 0.22435, 0.48691999999999996]	[0.39048, 0.65545, 0.7266699999999999]	[21, 11, 9]	101	MAAAVAAPRLISLKAVAKLGFREISQIRQLAPLHSAIPHFGMLRCRSRQPFSTSVVKAQA
[]	[]	[]	[]	[]	[]	[]	[]	102	MESCFPAMKLNQCTFGLNNEIVSERVSAFWGTQVVKPNHLRTTKLRSAPQKKIQTNLIRSV
[29]	['YAYFPA']	['ITSSRSQ']	[52]	['LSYSTFFSRSAIYYRSKPKQASSS']	[0.11755]	[0.2925]	[24]	103	MRNHCLELSSNCSSIFASSKSNPRFSPSKLSYSTFFSRSAIYYRSKPKQASSSSSFSTFPPCLNRKSSLTHV
[0]	['FLLMI']	['SGNGR']	[32]	['MGRSLIFSGNMSLRISHLPRSSLPLQNPISGRT']	[0.15733]	[0.45333]	[33]	104	MGRSLIFSGNMSLRISHLPRSSLPLQNPISGRTVNRTFRYRCTRILSNSFKSTTRLQTKAV
[]	[]	[]	[]	[]	[]	[]	[]	105	MAVSTIYSTQALNSTHFLTSSSSSKQVFLYRRQPQTNRRFNTLITCA
[26, 6, 43]	['VLALYV', 'VVAAAAAV', 'LPAFL']	['RPSSGL', 'AVSTTASVV', 'LRKPT']	[40, 18, 54]	['VYPLASSTLRGLVSF', 'SSAATVAVAAATV', 'TAKKLFLPPLRS']	[0.37768, 0.08517999999999999, 0.3306]	[0.69667, 0.45846000000000003, 0.48917]	[15, 13, 12]	106	MTLTFSSSAATVAVAAATVTSSARVPVYPLASSTLRGLVSFRLTAKKLFLPPLRSRGGVSVRAMS
[36, 55]	['PPFLLLA', 'VFAAAFP']	['ATLSKGNPP', 'PRTKTV']	[48, 65]	['LNLAKPLTGFLSP', 'RTAFTVAPKFA']	[0.42028999999999994, 0.31038000000000004]	[0.69, 0.45182]	[13, 11]	107	MASSSATLSLCSTFSAHCNVNSRRSSTILCSLSKPSLNLAKPLTGFLSPSTASTSRTAFTVAPKFA
[44]	['FIAAAMI']	['SPAGTQF']	[69]	['RMSSIGGEASFFDAVAAQIIPKAVTT']	[0.17184000000000002]	[0.44961999999999996]	[26]	108	MATHAALAVSRIPVTQRLQSKSAIHSFPAQCSSKRLEVAEFSGLRMSSIGGEASFFDAVAAQIIPKAVTTSTPVRGETVAK
[18]	['ILLAL']	['RSSSQ']	[36]	['SSFLPSELRRLSSPAVQIS']	[0.34521]	[0.44947]	[19]	109	MASSLTSKSILGCTKPASSSFLPSELRRLSSPAVQISLHSQTRKNFRQSWGLKKSDLMLNGSEIRPVKVRAS
[7, 42]	['LLAAFFP', 'PGGAPI']	['TSSSSCTL', 'SRSRRLN']	[20, 54]	['FSCAPSLATSLFST', 'IRPARLGPSNGSR']	[0.27401, 0.19246]	[0.73, 0.11846]	[14, 13]	110	MASSSISFSCAPSLATSLFSTTSSSPRLLSSRFLGTRNLKLRIRPARLGPSNGSRTTCW
[]	[]	[]	[]	[]	[]	[]	[]	111	MASTSTLLLPSLSSKNLHIAVPIRTNSFVRRTTKFSTKCS
[0]	['AMLLAP']	['RTSAS']	[19]	['MASIATSASTSLQARPRQLV']	[0.29693]	[0.3755]	[20]	112	MASIATSASTSLQARPRQLVIGAKQVKSFSYGSRSNLSFNLRQLPTRLTVYCA
[6]	['IAVIPA']	['ARTTAFTG']	[20]	['GIAAAATTVRTIPRF']	[0.36185]	[0.48867]	[15]	113	MATLSFGIAAAATTVRTIPRFNSRRSKITCE
[0]	['MPAPAL']	['SASNAT']	[39]	['MASSMLSSATMVASPAQATMVAPFNGLKSSAAFPATRKAN']	[0.12835]	[0.39225]	[40]	114	MASSMLSSATMVASPAQATMVAPFNGLKSSAAFPATRKANNDITSITSNGGRVNCM
[25, 0]	['LLPLILL', 'IAMIIAV']	['HRSSRLG', 'RPSRMS']	[50, 12]	['PISLLSRNLSRTLHVPQSQLFGLTSH', 'MVRIIPMAASSIR']	[0.34986, 0.43678999999999996]	[0.5373100000000001, 0.64]	[26, 13]	115	MVRIIPMAASSIRPSLACFSDSPRFPISLLSRNLSRTLHVPQSQLFGLTSHKLLRRSVNCLG
[41]	['LIVLG']	['GHKKS']	[52]	['NKLLHSIGKSVG']	[0.58006]	[0.32416999999999996]	[12]	116	MSTVPIESLLHHSYLRHNSKVNRGNRSFIPISLNLRSHFTSNKLLHSIGKSVGVSSMNKSPVAIRAT
[]	[]	[]	[]	[]	[]	[]	[]	117	MNTSQATRAALFLNGSNRQAMLLQRSSMSQLWGSVRMRTSRLSLNRTKAVSLRCSAQPNKPKA
[12]	['VALFYGP']	['SGSSGN']	[53]	['SSSSVKSSGSERKSPFLGFSLTAISKPSVRVGIYANSKRGLQ']	[0.09281]	[0.245]	[42]	118	MAVLCSSSTVILSSSSVKSSGSERKSPFLGFSLTAISKPSVRVGIYANSKRGLQVKCE
[7]	['LAWPA']	['SSTG']	[28]	['KPNTLSSPWIGQRSFAHTSASS']	[0.1259]	[0.32682]	[22]	119	MASASFVKPNTLSSPWIGQRSFAHTSASSSPPPRVSFAIRAG
[17, 6, 36]	['PLVFLI', 'LPVYL', 'AGLVG']	['STSSH', 'TTSS', 'RSGTCA']	[33, 16, 45]	['PITPVSSRLSHLRSSFL', 'RSLYTSPLTSV', 'GGALRTGVSC']	[0.35838000000000003, 0.31632, 0.26456]	[0.56, 0.51727, 0.398]	[17, 11, 10]	120	MAPALSRSLYTSPLTSVPITPVSSRLSHLRSSFLPHGGALRTGVSCSWNLEKRCNRFAVKCD
[6]	['PLVVPA']	['QISRK']	[16]	['VQRLPIKVASP']	[0.37293000000000004]	[0.49363999999999997]	[11]	121	MEGLVPVQRLPIKVASPSLYRCNNSVSIRRSISGFAMDRKINFRAPSQFSIRAQ
[16, 0]	['PAVLMP', 'MAAPLA']	['YKAASN', 'QARSI']	[39, 15]	['SMSSPSKILKAGTYIVGANPGNAS', 'MAATAASSLQIATRRP']	[0.23868000000000003, 0.21775999999999998]	[0.33166999999999996, 0.325]	[24, 16]	122	MAATAASSLQIATRRPSMSSPSKILKAGTYIVGANPGNASWDKLSCTRQLSNLGCLRNHSAVPTCKRPFSFSTRAMS
[]	[]	[]	[]	[]	[]	[]	[]	123	MTSFSLTFTSPLLPSSSTKPKRSVLVAA
[9, 36]	['VVLWAP', 'VVAAL']	['SSARKPS', 'SPTHS']	[34, 45]	['KASPVKSDWVKGQSLLLRQPSSVSAI', 'SHVAPSALTV']	[0.23961999999999997, 0.07431]	[0.36308, 0.579]	[26, 10]	124	MASSTATMLKASPVKSDWVKGQSLLLRQPSSVSAIRSHVAPSALTVRAA
[]	[]	[]	[]	[]	[]	[]	[]	125	MASANALSSASVLCSSRQSKLGGGNQQQGQRVSYNKRTIRRFSVRAN
[6, 43]	['LALPPPLF', 'AAVPVLV']	['ISISSRLTP', 'STKQAKFV']	[26, 62]	['ILAFSSPSRLLIPPSSNPSTL', 'LQSVSFAVKAPSKALTVVSA']	[0.18112999999999999, 0.26232]	[0.65667, 0.4965]	[21, 20]	126	MAATNTILAFSSPSRLLIPPSSNPSTLRSSFRGVSLNNNNLHRLQSVSFAVKAPSKALTVVSA
[22]	['AGPVLPAF']	['LKADSQPLT']	[42]	['PKLPNSSLLPGFDVVVQAAAT']	[0.18713]	[0.5352399999999999]	[21]	127	MAASVHCTLMSVVCNNKNHSARPKLPNSSLLPGFDVVVQAAATRFKKETTTTRAT
[35, 0]	['LVGFF', 'IAGIFLMFAAA']	['PSRSRS', 'MFAAANSIAGI']	[54, 12]	['PRVFSGFHSLRRRGFRRFSQ', 'MAAFASGLAIIFN']	[0.4625, 0.40271]	[0.2265, 0.82385]	[20, 13]	128	MAAFASGLAIIFNSPSLNPVTTQATFLSSNRIRSSPRVFSGFHSLRRRGFRRFSQNVIPDRFNSFSCNCLS
[6]	['LFPGP']	['SVHRL']	[14]	['GVRFPHLPS']	[0.25093000000000004]	[0.58111]	[9]	129	MVYTISGVRFPHLPSIKKKNSSLHSFNEDLRRSNAVSFSLRKDSRSSGKVFAR
[23]	['FPAVG']	['SASSV']	[36]	['GAVASSFVSVPRSS']	[0.32001999999999997]	[0.39857]	[14]	130	MAMMTTTTTTFFHPLLPANTYKSGAVASSFVSVPRSSSLQFRSLVSDSTSICGPSKFTGKNRRVSVTVSAA
[0]	['IPAGPFVV']	['AGRSSGSG']	[36]	['MAAAVSTVGAINRAPLSLNGSGSGAVSAPASTFLGKK']	[0.18474000000000002]	[0.3673]	[37]	131	MAAAVSTVGAINRAPLSLNGSGSGAVSAPASTFLGKKVVTVSRFAQSNKKSNGSFKVLAVKEDKQTDGDRWRG
[8]	['AVGVF']	['RSSLP']	[19]	['PGTSAVRLVFST']	[0.21706]	[0.5325]	[12]	132	MALIHGSVPGTSAVRLVFSTSASPSRFCLNVPVVKQGWKNSCRRRVLRAMV
[11]	['FAPML']	['CDQSF']	[19]	['MDSALQFPC']	[0.34389000000000003]	[0.6955600000000001]	[9]	133	MAALKGYGLCSMDSALQFPCPKLFNSYKRRSSKWVSPKAA
[10, 0, 29]	['VVVVPLV', 'AIGMAL', 'MYFPGLW']	['RGRARVP', 'LTANTA', 'LWSNKMYF']	[28, 9, 38]	['VATPRVVVRPVARVLGPVR', 'MTTIAAAGLN', 'LNYPWKFGSM']	[0.40292, 0.26135, 0.28271]	[0.48632, 0.558, 0.702]	[19, 10, 10]	134	MTTIAAAGLNVATPRVVVRPVARVLGPVRLNYPWKFGSMKRMVVVKA
[]	[]	[]	[]	[]	[]	[]	[]	135	MGAIQARLPLFLSPPSIKHHTFLHSSSSNSNFKIRSNKSSSSSSSSIIMA
[25, 0]	['ILAMAFV', 'MAVAIGF']	['NLSRRPS', 'GFRSMAVA']	[38, 8]	['FSSMNRLALPAVRI', 'MAGRAIFSV']	[0.31973, 0.27808]	[0.57714, 0.62333]	[14, 9]	136	MAGRAIFSVSCSSTPSLCIPYSTASFSSMNRLALPAVRISPRTNRFPRIHCS
[15, 4]	['PIIAPP', 'FIFGGMF']	['NVANKL', 'FSESCFI']	[30, 14]	['KAPNPPVLISASPNKI', 'MEFGFSIGSCF']	[0.28401, 0.331]	[0.4225, 0.8381799999999999]	[16, 11]	137	MALSMEFGFSIGSCFKAPNPPVLISASPNKINFTLRRRKKRFLLRVSAV
[0, 55, 32]	['AAAALLAGG', 'VVMGV', 'PFVLP']	['ASAASSSR', 'LVGSRS', 'LTAAIS']	[31, 77, 51]	['MASAAASSAFSLLKSTGAVASSAGTRARASLL', 'SLHVASKVESVRGKGSRGVVSMA', 'PIPSTSVSARPLGFSATLDS']	[0.14178, 0.21108000000000002, 0.08548]	[0.35406, 0.21478000000000003, 0.4765]	[32, 23, 20]	138	MASAAASSAFSLLKSTGAVASSAGTRARASLLPIPSTSVSARPLGFSATLDSRRFSLHVASKVESVRGKGSRGVVSMA
[23, 6]	['PLPFI', 'FLPALLP']	['ISRRRS', 'LPSNSFL']	[39, 15]	['RREFISLKRDPSRPISL', 'SFALNLLPSP']	[0.35486999999999996, 0.26028]	[0.21588000000000002, 0.796]	[17, 10]	139	MQLQTQSFALNLLPSPNFAKPIERREFISLKRDPSRPISLRCS
[23, 0]	['PPILV', 'MLMPA']	['DGKAAR', 'FAKSLV']	[48, 13]	['NSDLPFAAVSFPSKSLRRRVGSIRAG', 'MASMAAVLSKTPFL']	[0.24431999999999998, 0.20060999999999998]	[0.26885, 0.69357]	[26, 14]	140	MASMAAVLSKTPFLSQPLTKSSPNSDLPFAAVSFPSKSLRRRVGSIRAG
[]	[]	[]	[]	[]	[]	[]	[]	141	MQATIFSPRATLFPCKPLLPSHNVNSRRPSIISCS
[10]	['FLLVL']	['PGRT']	[19]	['TLTGFVPRLL']	[0.55412]	[0.834]	[10]	142	MEIFSASASLTLTGFVPRLLPLLSPQARTTLCKPLLSSSSTRLISCHSRIAPSRS
[54, 6]	['VLLAI', 'FFFIL']	['SSSSS', 'STSSP']	[68, 19]	['SSTASSLSSELASVI', 'LTSFISFISPFKSQ']	[0.36876, 0.40489]	[0.42533000000000004, 0.73429]	[15, 14]	143	MAASFSLTSFISFISPFKSQTKPTPPPNLTLPSPTISQRRRNDLAIESMAVEETSSTASSLSSELASVICPSLAYSNTLFFS
[5]	['LLLGP']	['SFTTSV']	[17]	['RTLGFVLPTSLSS']	[0.19746]	[0.63231]	[13]	144	MAMATRTLGFVLPTSLSSQPSFDRRGGGFRVSVIRCS
[29]	['PLLGIA']	['SRTHG']	[54]	['TTTIEFPSRFGGGSSSTLTHRATHLR']	[0.23854]	[0.3]	[26]	145	MASTTLSIATTIRSSSYPTLASINHFPSRTTTIEFPSRFGGGSSSTLTHRATHLRPIAA
[19, 0]	['FLPVF', 'IFVMLVA']	['TSTEV', 'ATSTNIF']	[37, 10]	['SESFTPLHTRVNVFSSKPF', 'MATFLTNVVSI']	[0.28870999999999997, 0.45187]	[0.43158, 0.8318200000000001]	[19, 11]	146	MATFLTNVVSIKPTIFSFQSESFTPLHTRVNVFSSKPFPSLAGTFSRSSRTRFIPYAV
[6]	['FVLFPPIP']	['IPSFVLF']	[14]	['LPPFFISVP']	[0.38266999999999995]	[1.15778]	[9]	147	MLSLQCLPPFFISVPNRSTNSCSTAPLRA
[27]	['AFIVG']	['STNSN']	[50]	['SILSPRSLFSNNGKRAPTGVRNHQ']	[0.26011999999999996]	[0.17292000000000002]	[24]	148	MAATAATTTSSHLLLSSSRHVASSSQPSILSPRSLFSNNGKRAPTGVRNHQYASGVRCMA
[]	[]	[]	[]	[]	[]	[]	[]	149	MSVGLKVSAFLHPTLALSSRDVSLSSSSSSLYLDRKILRPGSGRRWCKSRRTEPILAV
[0]	['PYMII']	['ARTP']	[15]	['METSIACYSRGILPPS']	[0.261]	[0.57938]	[16]	150	METSIACYSRGILPPSVSSQRSSTLVSPPSYSTSSSFKRLKSSSIFGDSLRLAPKSQLKATKAKSNGASTVTKCE
[15]	['PLVFI']	['KNTT']	[24]	['TVSNPFKTLI']	[0.60639]	[0.612]	[10]	151	MATVTSNASPKSFSFTVSNPFKTLIPNKSPSLCYPTRNKNHHRLGFSIKAT
[13]	['VLYYG']	['PGHRAP']	[29]	['FAVGGPYHRRYPPLHHP']	[0.14982]	[0.48176]	[17]	152	MSLSSLTLDSNPRFAVGGPYHRRYPPLHHPRSFVSCSAKRPAVSAS
[12, 34]	['LVGVF', 'MAPAP']	['SSASKL', 'SYKSS']	[32, 43]	['RASVALLSSNGFKRFSFVSSF', 'SSAAYSPPKM']	[0.15033, 0.17374]	[0.46524, 0.314]	[21, 10]	153	MTVFSVQSTIFSRASVALLSSNGFKRFSFVSSFSSSAAYSPPKMRKRRYPIVSA
[30, 11]	['AALGF', 'LALIA']	['SSASR', 'ASARHLA']	[44, 19]	['AFSGLKSTGSRASAS', 'ALLARAISH']	[0.25458000000000003, 0.39025]	[0.16533, 0.57889]	[15, 9]	154	MASTSSLALSQALLARAISHHGSDQRGSLPAFSGLKSTGSRASASSRRRIAQSMTKNRSLRPLVRAA
[38, 7]	['YAYGI', 'VIMLG']	['GGSST', 'RRSQHS']	[70, 32]	['FGARSSGIALSSRLHYASPIKQFSGVYATTKHQ', 'QMVHTSRSIAQIGFGVKSQLVSANRT']	[0.1576, 0.22560999999999998]	[0.35697, 0.33923000000000003]	[33, 26]	155	MASSSSMQMVHTSRSIAQIGFGVKSQLVSANRTTQSVCFGARSSGIALSSRLHYASPIKQFSGVYATTKHQRTACVKSMA
[0, 22]	['AIVLM', 'PLVPA']	['NAQTIT', 'HVGCP']	[15, 30]	['MATIATGLNIATQRVF', 'PVCLAGPVH']	[0.29467, 0.19876]	[0.58875, 0.84]	[16, 9]	156	MATIATGLNIATQRVFVTSENRPVCLAGPVHLNNSWNLGSRTTNRMMKLQPIKA
[]	[]	[]	[]	[]	[]	[]	[]	157	MFLSQFRSCKPLLESRLPLLRLSLSKCLDQSFKTTASSEYG
[31]	['AVPAAPAGI']	['VSIARGTHA']	[52]	['VTVGAAAAGAAIAASRNPSHPI']	[0.15642999999999999]	[0.39364]	[22]	158	MVSFRFPFSFSQPPRATTSFSGFSISAVAVSVTVGAAAAGAAIAASRNPSHPILEWAFSSHRSSLSPWGS
[0, 26]	['FLFAP', 'MVPVL']	['SGSAS', 'VSARRK']	[18, 42]	['MASPSLLQSSASSFHGRFS', 'ARMLSPPLRNVVKVSAS']	[0.24183000000000002, 0.42277]	[0.43, 0.38941]	[19, 17]	159	MASPSLLQSSASSFHGRFSPLAAPSSARMLSPPLRNVVKVSAS
[26]	['PPIII']	['NLNSRL']	[38]	['KSPILLPINSINR']	[0.33907]	[0.53538]	[13]	160	MATVPLFTQFPCKTLNPSSSNTKHQSKSPILLPINSINRRSEIGVSVHRPDFKIRA
[39]	['PLPAL']	['CSRKF']	[57]	['SLCRLHRHATFPDSIPAKS']	[0.18827]	[0.37947]	[19]	161	MALLRLPGISLQILGHKSNQKNPNPNVAFTNHSLSLSTPSLCRLHRHATFPDSIPAKSRNLTSYFS
[29, 0]	['FAIMGPG', 'LLLLM']	['NIANTARR', 'ASQS']	[47, 15]	['KTFPIRINNGGNAAGARMS', 'MASLQQTLFSLQSKLP']	[0.22501999999999997, 0.42158999999999996]	[0.19368, 0.58375]	[19, 16]	162	MASLQQTLFSLQSKLPPSSFQIARSLPLRKTFPIRINNGGNAAGARMS
[0]	['VPMFM']	['PASTK']	[12]	['MASMSTVFPKPTS']	[0.36373]	[0.51]	[13]	163	MASMSTVFPKPTSFISQPLTKSHKSDSVTTSISFPSNSKTRSLRTISVRAG
[8]	['LFLPA']	['FSSS']	[17]	['SLTSLPFSFA']	[0.34901]	[0.815]	[10]	164	MIALSLSVSLTSLPFSFAFSSTPCKSRASPPRSTVSLSSSRRRQDRRRSIEAMS
[3, 50, 27]	['ILLPL', 'LGVGF', 'MFIAF']	['HKRQQ', 'HITKNS', 'SSSS']	[26, 69, 42]	['SFHRLPQALHMIPRNPTQSSKNLG', 'HPGSKFGFSLDTRVRNEFIV', 'FSSFLSCAPSMDSRIS']	[0.44551999999999997, 0.09443, 0.39479000000000003]	[0.33916999999999997, 0.366, 0.55375]	[24, 20, 16]	165	MAMSFHRLPQALHMIPRNPTQSSKNLGFSSFLSCAPSMDSRISVSRLSLNHPGSKFGFSLDTRVRNEFIVRA
[20]	['IAPPVF']	['CLKGLN']	[35]	['TPTGIFLNPSKSVCLA']	[0.19965]	[0.64687]	[16]	166	MELNFSSMAITHPKIPSFGFTPTGIFLNPSKSVCLASHHRLPRVSCS
[36, 16, 55, 0]	['FFPLP', 'AFPIFVP', 'IGVGGAF', 'PMIGAI']	['LSSRSR', 'LVSATKT', 'AFRHIG', 'RFTNP']	[52, 30, 63, 9]	['RRNLLRFSSSPLSFPSL', 'LTFVSTIKAAFVKPP', 'GFHGGRIVA', 'MAFNIITPGR']	[0.27901, 0.35462, 0.09767999999999999, 0.21881]	[0.47, 0.672, 0.47111000000000003, 0.63]	[17, 15, 9, 10]	167	MAFNIITPGRVYSATSLTFVSTIKAAFVKPPLASPSRRNLLRFSSSPLSFPSLRRGFHGGRIVAMG
[24, 0]	['VLGLV', 'LAYLGM']	['DSRAV', 'TSGAQS']	[38, 11]	['KAVVSGGVRNLDVLR', 'MALLSQAGGSYT']	[0.33598, 0.26337]	[0.278, 0.51417]	[15, 12]	168	MALLSQAGGSYTVVPSGVCSKAGTKAVVSGGVRNLDVLRMKEAFGSSYSRSLSTKSMLLHSVKRSKRGHQLIVAA
[26, 7, 54]	['PAGPF', 'AVILGIGF', 'PAGVAGLV']	['TSGS', 'GIGFHGAVI', 'GRRRREGG']	[53, 16, 77]	['NGKGGTFMPRSAFFGTRTGPFSTPTSAF', 'IHVLGGIGFA', 'LRMGTRNGGGASRYAVGPVRVVNE']	[0.12550999999999998, 0.16626, 0.29830999999999996]	[0.37606999999999996, 0.875, 0.18542]	[28, 10, 24]	169	MASSAAQIHVLGGIGFASSSSSKRNLNGKGGTFMPRSAFFGTRTGPFSTPTSAFLRMGTRNGGGASRYAVGPVRVVNE
[49]	['LAGVVGV']	['GVQNTLA']	[58]	['QLVGNAVVTG']	[0.17832]	[0.511]	[10]	170	MAEISATSFPSSSSSALVIRSSHNGSLKCQNVAVPKTTSQFQELSLKRSQLVGNAVVTGHVTGSRSCKNQAIRAV
[24, 4]	['PFAAL', 'PIFVA']	['SSSLR', 'SSASSP']	[35, 13]	['RASSPASLFLSQ', 'AAPFSSIVSS']	[0.19251, 0.36371]	[0.42833000000000004, 0.599]	[12, 10]	171	MEATAAPFSSIVSSRQNFSSSSSIRASSPASLFLSQKSIGNVNRKFKSPRSLSVRAS
[0, 29]	['VVAPAFMA', 'LMGFV']	['SVTNTMLT', 'LNRP']	[15, 41]	['MAMTTASTVFVLPANV', 'SFLPMRNAGSRLV']	[0.15155, 0.31243000000000004]	[0.7125, 0.45923]	[16, 13]	172	MAMTTASTVFVLPANVTSVAGASSSRSSVSFLPMRNAGSRLVVRA
[24]	['ILLIF']	['HTQAT']	[53]	['TQAIFGPNHSLKTTQLRIPASFRRKATNLQ']	[0.27788]	[0.29567]	[30]	173	MAATPTHFSVSHDPFSSTSLLNLQTQAIFGPNHSLKTTQLRIPASFRRKATNLQVMAS
[63, 26]	['PYLVP', 'FPPLF']	['DTEA', 'RNRNK']	[84, 36]	['RVSNPLTLLAADNDDYDEKPRE', 'NKPHRFLRNPF']	[0.31246, 0.6351899999999999]	[0.045, 0.24]	[22, 11]	174	MAATSSISSSLSLNAKPNKLSNNNNNNKPHRFLRNPFLNPSSSSFSPLPASISSSSSSPSFPLRVSNPLTLLAADNDDYDEKPREEC
[]	[]	[]	[]	[]	[]	[]	[]	175	MAATTNSFLVGSNNTQIPALKPKSSSQSFLHLSKPNTVNFVSKTKPVAVRCV
[1]	['YYFML']	['TSSSK']	[33]	['AMIFCNTLYSSSSPSYLSPLTSKPSRFSKNLRP']	[0.20906999999999998]	[0.45515]	[33]	176	MAMIFCNTLYSSSSPSYLSPLTSKPSRFSKNLRPRAQ
[0]	['LLWPP']	['SARAK']	[32]	['MASTSLLKASPVLDKSEWVKGQSVLFRQPSSAS']	[0.11715999999999999]	[0.37]	[33]	177	MASTSLLKASPVLDKSEWVKGQSVLFRQPSSASVVLRNRATSLTVRAA
[0]	['AAFVV']	['STTAQ']	[22]	['MAATRVLTAATAVTQTTSCFLAK']	[0.14329]	[0.50261]	[23]	178	MAATRVLTAATAVTQTTSCFLAKQAFTLPAKKSCGGFGGLCFSRRALVLKSKRPFSCSAI
[20]	['LPVPL']	['RSSWR']	[30]	['PLSRVSSLPRW']	[0.38716]	[0.56091]	[11]	179	MEGVITCFHTKCVSLPIRSFPLSRVSSLPRWRNNKLISSSRSVHLRSLCV
[]	[]	[]	[]	[]	[]	[]	[]	180	MVVSADCRISLSAPSCIRSSSTGLTRHIKLGSFCNGELMGKKLNLSQLPNIRLRSSTNFSQKRILMS
[1, 41]	['AMLPA', 'LAFVA']	['VTAAT', 'VSRKQ']	[15, 51]	['AATQLTASPVTMSAR', 'SQFRRLVVKAA']	[0.18012999999999998, 0.43031]	[0.372, 0.29818]	[15, 11]	181	MAATQLTASPVTMSARSLASLDGLRASSVKFSSLKPGTLRQSQFRRLVVKAA
[0]	['PPLPI']	['SRTHL']	[18]	['MISLPLTTPILPSRCLLHK']	[0.13061]	[0.82105]	[19]	182	MISLPLTTPILPSRCLLHKTRRQNSTRRRLLIRSS
[5]	['LFPLPIFLVL']	['FLVLDRNLFPL']	[17]	['VNLFDFPLRPILL']	[0.30661]	[0.9584600000000001]	[13]	183	MNFSRVNLFDFPLRPILLSHPSSIFVSTRFVTRTSAGVSPSILLPRSTQSPQIIAKS
[0]	['MLPAA']	['TQAIS']	[9]	['MAQILAASPT']	[0.30730999999999997]	[0.638]	[10]	184	MAQILAASPTCQMRVPKHSSVIASSSKLWSSVVLKQKKQSNNKVRGFRVLAL
[0, 40]	['MPAPAL', 'VIGIAG']	['SASTAT', 'TSKRSND']	[39, 52]	['MASSMLSSAAVVTSPAQATMVAPFTGLKSSAAFPVTRKTN', 'KDITSIASNGGRV']	[0.10819000000000001, 0.43961000000000006]	[0.435, 0.14923]	[40, 13]	185	MASSMLSSAAVVTSPAQATMVAPFTGLKSSAAFPVTRKTNKDITSIASNGGRVSCM
[0]	['MPAPAL']	['SSSTAT']	[39]	['MASSMLSSAAVVTSPAQATMVAPFTGLKSSASFPVTRKAN']	[0.1144]	[0.4275]	[40]	186	MASSMLSSAAVVTSPAQATMVAPFTGLKSSASFPVTRKANNDITSITSNGGRVSCM
[33, 0]	['LVVVGP', 'AVAPA']	['LRSRSS', 'FAGSRI']	[51, 14]	['SVVSLPRQVSRRGLSVKSG', 'MASSAAAIVSGSPFR']	[0.26172, 0.08382]	[0.24, 0.45533]	[19, 15]	187	MASSAAAIVSGSPFRSSPLIHNHHASRYAPGSISVVSLPRQVSRRGLSVKSG
[5]	['AGVVPALPI']	['ALPIKAGVV']	[14]	['AIGVLKVPPA']	[0.26145999999999997]	[0.701]	[10]	188	MASVSAIGVLKVPPASTSNSTGKATEAVPTRTLSFSSSVTSSDDKISLKSTVSRLCKSVVRRNPIIVSPKAV
[15]	['LVVPLI']	['LRRGRLP']	[38]	['SLLLRQPSRSILKVFGLLPPVSRN']	[0.36779]	[0.55792]	[24]	189	MAATSSSPPCNISASSLLLRQPSRSILKVFGLLPPVSRNNRKLGRLTVTRSN
[11]	['LVLLA']	['GKSKTN']	[45]	['GSMLSPNGGSVSTRSEKLLKPASFAVKVLGNEAKR']	[0.26461999999999997]	[0.21170999999999998]	[35]	190	MAQVVATRSIQGSMLSPNGGSVSTRSEKLLKPASFAVKVLGNEAKRSGRVSVRSRRVVDTTVRSA
[23]	['IIPGG']	['SASA']	[35]	['HGSAISAAPISIG']	[0.20365]	[0.54308]	[13]	191	MAAIASTLSLSSTKPQRLFDSSFHGSAISAAPISIGLKPRSFSVRAT
[0]	['VPPAVIL']	['KPSSGIA']	[20]	['MATGVLPAPVSGIKIPDSKVG']	[0.22760999999999998]	[0.49523999999999996]	[21]	192	MATGVLPAPVSGIKIPDSKVGFGKSMNLVRICDVRSLRSARRRVSVIRNS
[2, 39]	['FAALL', 'GFVGG']	['SDSNSP', 'GKRKGG']	[18, 47]	['LNSLSPAESKAISFLDT', 'GRGFGKGVK']	[0.32013, 0.59602]	[0.41941000000000006, 0.0022199999999999998]	[17, 9]	193	MTLNSLSPAESKAISFLDTSRFNPIPKLSGGFSLRRRNQGRGFGKGVKCS
[1, 69, 36]	['VLVWG', 'FLLVGPAI', 'AAFFL']	['TASP', 'PAIHSFLL', 'RRATA']	[13, 78, 44]	['VGATVVSKWTPLC', 'GIFLPHLVAS', 'FRTALAAFR']	[0.39853, 0.13831, 0.5231899999999999]	[0.74385, 0.933, 0.49444]	[13, 10, 9]	194	MVGATVVSKWTPLCVASPPERNSASLNPHCSPARVNFRTALAAFRPQFRLFSRNSASRRRLRASSSAESGIFLPHLVAS
[17, 6]	['LPPAF', 'PFALF']	['SSSN', 'QRAST']	[44, 16]	['VAVRTNSRPRNSSNRLVSVFGRKSSSPS', 'FRTAKAPLQSF']	[0.28178000000000003, 0.5032399999999999]	[0.07929, 0.42]	[28, 11]	195	MMSINCFRTAKAPLQSFVAVRTNSRPRNSSNRLVSVFGRKSSSPSFVTLRVVSS
[22]	['PAAIAVPFFAPFI']	['FAPFISTRPAAIAV']	[37]	['RAFIAPPTIFFPVASA']	[0.22035]	[0.8]	[16]	196	MAANTISLSNVAASKNLNSFQSRAFIAPPTIFFPVASAKSKPGELSLSSTTLSRSRVRA
[5]	['AMPVG']	['EKQRGS']	[21]	['LRHVESMSQLPSGAGKI']	[0.33597]	[0.34294]	[17]	197	MSSNSLRHVESMSQLPSGAGKISQLN
[]	[]	[]	[]	[]	[]	[]	[]	198	MHSCSHTHFVSFKLPHFFAPKSFVVSSRRELRVFA
[18, 4]	['LLPPI', 'LPPPLPAIF']	['TSNSF', 'AIFNKSSLPP']	[31, 16]	['RNSPTFLISPPRSL', 'FSPAKPLISPPNL']	[0.39807, 0.19967000000000001]	[0.47643, 0.65462]	[14, 13]	199	MLLHFSPAKPLISPPNLRRNSPTFLISPPRSLRIRA
[]	[]	[]	[]	[]	[]	[]	[]	200	MRALTWTAMSPPVMSRTATSTVNLRRISLRRDRVCVRA
[2]	['PMLLP']	['SHTHR']	[24]	['LMITAPVCPPHLLLRHSSLLRHE']	[0.14462]	[0.7117399999999999]	[23]	201	MILMITAPVCPPHLLLRHSSLLRHESSIGNFHRKKNPRFRTVSC
[0]	['MAAAA']	['VATF']	[12]	['MAAAANTSAVFAS']	[0.16292]	[0.43692]	[13]	202	MAAAANTSAVFASPSQPLSSKRSFLYSSRIGPILRRFPRKKLDLQVKA
[]	[]	[]	[]	[]	[]	[]	[]	203	MMSSMALSSTSLCSSFISQHPKLSITASPPLFHTQTTKPISVKRKIITL
[]	[]	[]	[]	[]	[]	[]	[]	204	MAVPFLSSSLQLTPTSPILFTKVTPTPIIHNHRSTCTIPTKPRLRLLRRS
[1, 35]	['PIIIILF', 'PPLLP']	['TTRNRY', 'FHRHL']	[24, 49]	['SLTQIVNPIIYPSRTIPRRFTAIS', 'RHPPHALSRRLFLPS']	[0.45616999999999996, 0.20685]	[0.58125, 0.434]	[24, 15]	205	MSLTQIVNPIIYPSRTIPRRFTAISPFKTLSPQFSRHPPHALSRRLFLPS
[7]	['AVPVV']	['TRTSP']	[18]	['PPSTAVTSVVRK']	[0.31939]	[0.32083]	[12]	206	MAASSSIPPSTAVTSVVRKSLLLSTTFSFPASSLSPSTKLPQRHIQRLLL
[0]	['PLMLL']	['STSA']	[25]	['MASSSLSPATQLGSSRSALMAMSSGL']	[0.18583]	[0.42768999999999996]	[26]	207	MASSSLSPATQLGSSRSALMAMSSGLFVKPTKMNHQMVRKEKIGLRISCQ
[19, 2]	['LLFLP', 'PAPLIIV']	['PHHKTL', 'VNPSTASPA']	[35, 14]	['PLLSHFLPTLPHRFSKS', 'PSLVTAINAPISP']	[0.35346, 0.33286]	[0.64353, 0.68308]	[17, 13]	208	MNPSLVTAINAPISPSPRSPLLSHFLPTLPHRFSKSECLSRRRYRVSFPRS
[30, 7]	['ILIPGF', 'FLAVY']	['FHTTASH', 'SRDAL']	[52, 25]	['FTLSTSGIHIRTKPNSRFHSIIA', 'FDTVFLFSRFAGAKYSPLL']	[0.20198, 0.20999]	[0.4687, 0.69421]	[23, 19]	209	MTSTYTRFDTVFLFSRFAGAKYSPLLPSPSFTLSTSGIHIRTKPNSRFHSIIA
[8, 28]	['APFLA', 'VLGPF']	['NMTGSG', 'TDAKSV']	[19, 37]	['TGALMSPATGFN', 'DSGFAVPTKL']	[0.29918, 0.34317]	[0.495, 0.42]	[12, 10]	210	MALPSCLKTGALMSPATGFNFSGSLMKSDSGFAVPTKLQSTRKGDRERLRVQA
[8]	['PLLLL']	['HIQSSP']	[17]	['ISLLQPLHSL']	[0.39325]	[0.915]	[10]	211	MASCSSSSISLLQPLHSLSSSTLFFSQPSFHFSSSLKPNKSKRHNLSKSLTLRF
[]	[]	[]	[]	[]	[]	[]	[]	212	MASCSLGVPKIKISAVDLSRVRSGSLLIPYNQRSLLRQRPVKYLSLKTTFGSVKA
[44]	['MAYIM']	['CSRRC']	[54]	['SCYRRMICRAM']	[0.34391]	[0.50364]	[11]	213	MALIQHGSVSGTSAVRLSFSSSVSPPSSSPPLSRVSLNFQSEKKSCYRRMICRAM
[4]	['VPFLP']	['STSQSV']	[13]	['LTSPPSVFSQ']	[0.42432]	[0.607]	[10]	214	MALKLTSPPSVFSQSRRLSSSSLIPIRSKSTFTGFRSRTGVYLSKTTALQSSTKLS
[0]	['AMMVA']	['STALT']	[10]	['MATTMNAAVSL']	[0.28902]	[0.5627300000000001]	[11]	215	MATTMNAAVSLTSSNSSSFPATSCAIAPERIRFTKGAFYYKSNNVVTGKRVFSIKA
[0]	['MILPPALG']	['SSTRSLC']	[16]	['MASLLGRSPSSILTCPR']	[0.44987]	[0.55882]	[17]	216	MASLLGRSPSSILTCPRISSPSSTSSMSHLCFGPEKLSGRIQFNPKKNRSRYHVSVMN
[39]	['LFPVLP']	['LPRGSLF']	[47]	['PSFVRLPLG']	[0.30429]	[0.75556]	[9]	217	MAPALSTSCSSVMAFSTSNALRYHHPQISLRNSLRAPKSPSFVRLPLGKVLQSRIVIRA
[18]	['AFPPP']	['STRL']	[34]	['RPSSFIRGPPLARTLPL']	[0.12744]	[0.53118]	[17]	218	MATTASSSLPRNYSFTTPRPSSFIRGPPLARTLPLYLRRNRRVALTYRLDQNSKQRSGGNVRC
[3]	['LILGP']	['NAHTRL']	[19]	['LRLPAQLVTRGNLIHHN']	[0.2268]	[0.46647]	[17]	219	MASLRLPAQLVTRGNLIHHNSSSSSSGRLSWRRSLTPENTIPLFPSSSSSSLNRERSIVVPVTC
[30]	['ILAAP']	['VNAK']	[42]	['IPNAAPAKAVKLR']	[0.22671999999999998]	[0.29308]	[13]	220	MATVKISLSLASLSPSSSSSSIQSKLSPSFIPNAAPAKAVKLRFNGKSLRAKPMVYRSSRSVGVTC
[1]	['ALLIYP']	['SSSALA']	[14]	['ALQAAYSLLPSTIS']	[0.36830999999999997]	[0.67357]	[14]	221	MALQAAYSLLPSTISIQKEGKFNASLKETTFTGSSFSNHLRAEKISTLLTIKEQRRQKPRFSTGIRAQ
[22, 0, 41]	['IVPALY', 'VAAIVMVLP', 'LVVGGL']	['NHDKSR', 'LPDCASGVAA', 'NKRQSY']	[40, 13, 58]	['LDNAESIYHFPGKSLNRVS', 'MDGILAAVPSAVCV', 'VLQTGNYVSRKGNSLLKN']	[0.42995, 0.28536999999999996, 0.37804]	[0.29474, 0.7692899999999999, 0.20389000000000002]	[19, 14, 18]	222	MDGILAAVPSAVCVSLRISCRNLDNAESIYHFPGKSLNRVSVLQTGNYVSRKGNSLLKNRHCGEISRVIVKS
[16, 0, 50, 35]	['LIPIL', 'IVPML', 'LIYVV', 'LVFLIP']	['PSSSP', 'ISEAL', 'SSRSK', 'ASSQSN']	[34, 13, 68, 49]	['SSSLPLICSTISPLCSKPM', 'MILVSESPMAILSL', 'PVTKLKSSYSSSVSPISRP', 'LSQLPSNFSSSIASV']	[0.3558, 0.16359, 0.40051, 0.52766]	[0.74737, 0.9035700000000001, 0.31842, 0.54533]	[19, 14, 19, 15]	223	MILVSESPMAILSLRSSSSLPLICSTISPLCSKPMLSQLPSNFSSSIASVPVTKLKSSYSSSVSPISRPRVVSAR
