Index	Sequence
seq0	LDFRLVLYFNLGRTPMGLINLPRARRAWFALDGLPGGVDQFV
seq1	FYIDERMGMGGLTRDGPVSEQRVPKG
seq2	AQHQFLNQTIRWPWNHFGIESQGEVYAYSVGDMPSPYLAIEAIYVA
seq3	GWGSNNKMSGSDREDCRSVSGRQGCSIFDMLLDCMAALD
seq4	YDSSYLAGRTKIIPTWASYHPESLEQGLNEDGNT
seq5	DVVIKDNQMLEDEMIFVAVLAKNETFSIWEKLRWYAGNVDPLLS
seq6	AVAHGNCPTMLLGEMIANIVYDVAAALGKPRPNYTAELFRLTRGQKRTFIAARTHPQRKLLLLELNLQPVLGLDPNLIPDALS
seq7	PEEKTLIVQGLIRRGLVIGKFLFALHKLGILMALSMPQTP
seq8	IESQVWRHENAALTRPLDFRFKPFTERMRQAVAPSFVNQ
seq9	EVALQPGKIPETPLKLDLIPEALRISIHEIIMDVFLTAGMPAPRRASKQKSKMVFEGSSRKDQRQAPEYLMGGMKECLKTD
seq10	ERQIDAAAQITDATTMRKSASPSMGGGLPEVWPPYSLIQFTAFYTKGFPCEFWYVRKIQRWGSLFEERPFLNSVKPYYVKL
seq11	RWVASNALFMNYPLMLNGESSNAKRVQSKDEGEVFQRIRINETVEQVSGDWPKVTIGEALPNRIFP
seq12	QARWALTTNIEGSLYVSPQLAWTCVFQNIKAAMNAAMSEKMPANNSRIEISGEHIQKGRK
seq13	IEHPAKFKYPRHDIDKHIGLELGLLV
seq14	TALIPLLTNFIAAIQGFVPGATQING
seq15	DWDIDENAAGQIAYEGDADAKRHPLGVGQEIEHQPYIQE
seq16	TSLPKDHQREVYIE
seq17	LKMEISFSKIVIAGLTAPDVSRTARFPPLKDHSSASTPDSRKKIAGSTSAGNHR
seq18	ATIPSAPQVDCLFLAYLKDVTLVTKH
seq19	QPAARETMIPTNEVRDQSAYLKLSEKASIWAPQVWDGWAIPRALLVRSIRDTFGLKRVVIRQIEVKGLVGRIIPAPGREPSAKDVFSIFSSYTHNLT
seq20	GETEQLLRARSDAWFVTCAVMLTLEVKADNIRLMFPKKPGTDGNVPLEAFVI
seq21	NGILYVTGAFTAVSVPPVVIIITSAQIVLIFHYLFTFLKAIQVSLISIVWDKHDLDLWGRQSGAAGCAPAANSPVTNVASTLAGQYDHRRLAGGL
seq22	VKNQLVVEITSEGPTCGTADSTRGPSAEELNNMRLYAS
seq23	LDSIFHLNGSQAENSFPKHILIDFHIAEFIYSIAVNYIR
seq24	LCSGRIAYTAELPVILFHMEPPGAKIFAISATGAGT
seq25	QADAFTIWEGILTAGTEVAVQVAVSQISWKSVKEFSGE
seq26	ATDLTTMQSKMAGRHTSQIVRQGSSDRASKRVGGATTLQARKKVPTLEHG
seq27	ESGCYNEFILTMAFRFLLYERI
seq28	IVDSEAIELSSIIGFSSFKGAAEKREEWQSPVGTMYASLIAGAGDAIAENAPDSLLSLDKSLST
seq29	LFPDCGHETSLELSPQILLVALPSVEILRQVLYLKNKLLTERQS
seq30	PVNISLQLGPYKQNAFAQDVILPCPDCSAIELNAFFIEIVLPFISIPEPVDPATVDDFHLAVATAFGELVLADPAAMPRKGNRGRPSTAANMVCRAA
seq31	RLGVFPFTLELQYGVVALLAI
seq32	DFAKNAQTKDVLIGELLFIMDGHMA
seq33	VAAGMLAQRGTFVYANYDTDTLVKRKGFSEMLKSASLMWATEVAWTGRQTYQYSFVGFASRLDLVGNASTGAMLHK
seq34	GGAAACAAVTSQLSAGTIPFSNVLTLGVENIRRFSRHPFESLKIIPDADGTGAQITASQYGLAGGIYH
seq35	GSIDGRIQLSLDGVFADDFRR
seq36	ESHLATATNNPFDLRKLFALSGSVVDAERLLEDFAPTHPEVTFVWLLGLDKDMFYKGSFAPPDGVTDPTGTEKRVSDAQSVAVLAYYLDQE
seq37	IAGSSGNDVVVGCYQSSGLSAIGDHQAG
seq38	GFGDLSCVVVEFGMLLRELMNFAQSTIKHIAGNDELYLQATQANDVTHMRSDACAYLTGKKLLERDMSLSDKPGAGESFVH
seq39	VTNLPPACSIVRLPMNKYNKNKSGH
seq40	NIVVYWNFTLWHMDINARNAGCDGEGS
seq41	LLVAFWILSNPAMKAITAVSNIKEQPKLGAFCLGEDTVTAPRVKPKLDLSKFILSYKVLLDGSSNTSTATDVAAMGCVQPH
seq42	LRKANCYANGEAYWLSDVW
seq43	LRANWWEEGLVWRTASDFVMKLP
seq44	IFHKANNLELTEYNMLFQGHHQLKMGLVFVILKDGHKPES
seq45	QLKKQELERSGAQEFPDLIEQYVTSIGCPRYEKIRLLGVVATLC
seq46	DPTTNQSLNDGLLITFINRGTNTWLPN
seq47	HFTTRYSKLGDDRYVIATKTWDRTLNGSEEAQTTAGAT
seq48	SDLLNADAGCRWKIAVKVEVITTMHADQGAAVKSAGGGIC
seq49	VTAQQAAQRKLLLDSAGSVSRKRAKHEQEQVEEAVT
seq50	ANSTRSSSTAIKIGIESPGLEGMQTTMYSLARFITAELLMAGGCGALGMGHAAPKRR
seq51	EDVMLGLIEFAVVALNGVLEVGNKAVQIVGGPATQEKKVDSHVYRSPTLTSADLILIYKNVLVLWILLNNERCGADNAGWQCKIAGGLSSSRIIAVL
seq52	LLKDQSTYKNNKKPSLDQAAPHLAELLIMFAEDFLQK
seq53	CPAVMGHIEWQGNNDHADRSETERFRRHYMAAGKATKPSE
seq54	ERVARTPWRAPAVMQAEGKYVQFVVIKMTLTSKLNSIIIEGDTEETTGDSMGLRSNGVIMYSPTLEFLLFPNAVMR
seq55	VLPPRRSAEGAQLNYDATEMKTMAGNHFAGHSNYQHKFVSVAIVLKGREIA
seq56	DPALAAETEQNPTLSGRMGE
seq57	MGLDSISEVEVGKMYLTTVKYKYGEHMTEKSGIIIGKPGAIVNDHVA
seq58	TTRMQSSQEEAVEVADKLMQKDG
seq59	SSTEAYWSQQTTLTNAGNSQ
seq60	FGRAKWSLLSAHFRKHVRIGLGKHVGFVTSAVRQTPAL
seq61	LLTYLGKGNAIGTFTQPKAAVTVWHCERF
seq62	TLKALNTYPNRKRKNMIVGSKIKSTPRTSRSKVHREA
seq63	GCLESLLTDCGELCSDKAYVLGRTWV
seq64	IYPATQRKPARVGAGVAEPQDKSLAALNKTSLGAMIAPLSFYLQGGLAYEAAVKGVEGYYFEDYECELIHMAISINAHGADCHIDGIVLSASDIAIF
seq65	KSGLLWFVVRALPKLQIEFDARPPIKGRQYKGYNEEA
seq66	SYWSMESREIFKYSLSDNAVGWYAKN
seq67	KYQGVGEAAHNVKMMYAFRTDRFLLKTIHPAYRASSIMLGTGIREITLAG
seq68	VMQELNSEGHDFTLEQVIFVGLDLTEIASKRSLTDGVRGILIGEALSKNE
seq69	PDSRRPIILALLVSRGVADTASVLLLSEVANVIAKKSYGWTGPVLSNDLPSLHSYRALTTNGLDRLQHWTIGEYYAARNLAVSGENGEGGI
seq70	SGPGGTESGAINSWKTTNT
seq71	FNNQMISLYNRNLFKTSKGFGRVNEESKLMQLFQ
seq72	FELERINLIQEDKSVDTSTSNFNAVA
seq73	VQRVLAKKCLLTMILCEGGLEMHFLSFGTAY
seq74	HGAAFAIRKYTAYLQRIKAYDYSEGT
seq75	FRMTLFEGTVDALYPHSTKYN
seq76	AIIEGTTLAQTLGQLVAV
seq77	IPFRISIMYGLLSSAQRESSRLVGIQTPAWAE
seq78	AGDNSQLRKESVVESICYYVEDMRNIVNTGVQHFKFVQVPVRLLHTAKLFGAMVDRVTELEFGGRAVFMF
seq79	SCVVSRLADKAQSYDPVPCRREMDSDMNCGLYVFRSEYLRGMPPRAYPFVEVKSQVVDISSP
seq80	KGYEAGGPGRVDRKFLDGSALMTPNLHYAKKFKGDDFAQEVPFAGALEPTDSGSIVRADIGPQGKRGRLPYYTVHNGRKPA
seq81	DDVADKLGYGMPIDNKPYILQQNRGTADVIWMTVQKFGDDIFKMKGAPSPTAVLSNYPSSSLELAEAFEWFLNDFKLFR
seq82	GGQAFYHVDSEYKLAEYKANPNVNVPDAELHGVFSRPYIGLIAKLNKIQVNLPGLLRDGTLPLDPEVLGRAALAD
seq83	FDAPVGSGAVPQLELRNIRLYDRARETPMLMFSGVHWNPVEPLYLKSMLLDTLAAKIDTVSKEVTSGLFCEFTLRAQKKEL
seq84	AGLDYQNMITEAVHIWFITGFLSTD
seq85	LGIPAVGELLQMKSGIMKGDEKHSIDTTKAREFNYPQQPGDRIFVTAKISSMFGPKNRWDAGLANSKDAGTGRDLKS
seq86	LQPMSINLWGRKLNPNPGRLVLRYSPQ
seq87	EETKQSNYMAIEVAFESSAMRMDSTETISEAIPGDTELSLATDDKVGRTHLSLQATQK
seq88	KRFAVLNTENFMREPECRIAYMRTLIFYWWGELPKNRGGICFNSTPH
seq89	EHNALHAASESFIQGQGTKLEEPRYQGYYPIRANHTPTPRGMIEGPGPAVWAAISLAQARKA
seq90	GTIKVSVMRPQDTEARAVTATKGI
seq91	MEIELGGLFLQGAELDEHTECRNYLKAKRYAVFPCLVRLLEGDSFHGINSENNSVFTFANSASRTKHSMGTIQ
seq92	PLDADQAVKHRKAIELLDIPLDSRTDDVTRRYGAPADGARFLGFWVDPTTKLSRITAEARIENAHDTKVNDFGDEWTSNGDRSTEKVD
seq93	KFVAASLRWGHEVAFFHSSSRVIGVRFLRIQPIFYTLYQK
seq94	EPLRRFNRGGGGPETHFIVHEVQLDLTSLLLSVQPSPGRKERYSGQKRYLVNLSHIKCQEYKDLEELYNDKEFTCVDSTTSKFAWIFRNHYEGALVG
seq95	TAASCEEVNGEYAFGTANGCNRFDLYLFAAYRGVLFVPRATRGVKIGYLGLLVPSIISQLQAGYWGLFSGVRGADGP
seq96	APTRQLWPALSPLVRGRSHSLKSNTYRAVLVE
seq97	LVSSLDLLEYCGCELQKLVRLCLDLLRLK
seq98	GKGEDVAVVADTTRALIVTKLFRPFDFYSAEEEVYPIALKGVRWGLANALPAAAVIPGWALNEIAVDPIKHSWGLIRNAALGD
seq99	FGFFTVGLDRNLYDVVINDKMEIWHESFPTAAKLHEALSSIDGRDGRVYGWEARVFI
seq100	QLYIRVIESPGYKDKIDFYNAAYMKAVLLGDHHDEAQDLPITSIRSFDLMRNSRHAKNLRSPAFR
seq101	ELNAGDALKVQANGKARLKVKQAPVGMSPDIALKPLKQW
seq102	LSLEHHYISHLHVDEDGNAVPETSAPRISSNENLQHEESANQKLAQLKVLALLQCVYIEINLDWWLPAIAHPANKFLMVWL
seq103	PWGTFPSSVGFRRHDLSGAGHSSQLMYAVRDAETILGKMIEKVVDPQYVGFGERTDVDRLMGVLLC
seq104	ERHIGVNREGGPLYYIWHKKCQSQHLKLKALDVHLTLVLAQLEEILPMAKLDDLIAAARGSLRKYETSMMAANVSVCRNLGPG
seq105	ALGMNAGPGHDLDKAGLKGLPAAGWEAVLSGCTVAQL
seq106	EYSLCPADEIHRVHADYGSDHFTNARRTMRLLEVKKL
seq107	LGPVWKIEDSGEPRWDANAELEHGKQLAIGQLNQLNKARL
seq108	PVLLWMTAGYDRRVVDRGCKLYIFVTLDDVPRVIVPPFTMNMKARLQTNR
seq109	RQVSPRSLQILGIEAVSDLLGEAMLD
seq110	GAIRRIAFIRAGSTISKIVATLGNYGTGDQQALKRQEAHVDPSR
seq111	DTATTEERPTLFVNNHTAIPAMTPYY
seq112	QEAMESCDRVGAAQLAVVTKR
seq113	RVFDELEKTFTQRRNNEEIDKHIASSFHAYLSLLDYRGAVLWESKPFLAQISEGSFSAQRRGYAET
seq114	LTIIFTGQRIATFQYAMTTLKKIKGLLEGGKQDEEP
seq115	AFISQGLDLIVRGTTVELTRDANFLQPLNSLG
seq116	DMCSQESLENPVAHMITDGVSLASRRGNENIEGYAST
seq117	SSPNVKHVPDTKAQLLPPSLIESRNVGELPVDQSKIHACD
seq118	PFLGVAPLRHALGTLMGVELGLRYRRTKPYEKKTRAVLGVTNWEARPKRQPAAREWGTFKVGIQIALKRREDIFGWLRKSPNGASALPQQGDTL
seq119	PICLESLGTLALFVYTNKTTTQPNMFRDVRTQDVRGPIWTEAESPKPLVRTLDWLNGSAQQVLGNTVFRSFYFSWLQVQKPVFLIRDFLPDEIPESC
seq120	IWSMGREQILDVPGHADRPTVDK
seq121	PKLLDGASAFKEPRSMHK
seq122	GYFKDRPTLGSMVTSRVLKSCVGPLD
seq123	VEAGTPLPNFGVESLQGWAHTSAASERYKGCDNIYRIHYLTVRNLVGVMLKKPRSIADLSGKHECSPQGG
seq124	ARIYDKEAMASAIGEPAVDGADTDIFL
seq125	YKCKKVASDAIYDIMCSLTGGAGAHDKHGAL
seq126	VDALAHSKTGCDPIDPDVLKHLGLIC
seq127	TQIATEYIIIVSLLSNSIYLGEQHGPRTDGPGDSHKLCEVMLEKKKNQDNKQLTSESS
seq128	HFPQFDTTRGKDQRAKPISEIPNTEFSHKLSLFAPLD
seq129	GVTLRRLTAEQVDPLNQGSEIKPMAEQYNYHQVDLELVQKILVAACI
seq130	MKPSALRQAIGGAFPEFEIIDMRIS
seq131	TEVLAITGEIRMLLRQDIAYLLYILEQGTRAYPQDGYYKI
seq132	LIHGKDRMPNAHNDVHKAHALAVKGHSQLADQ
seq133	ADEVSGECSAKGTQINGAEENNQQTLPVPPPC
seq134	LLPILNKQYATSNAKEAYSSQESLACIKDLKLNL
seq135	GFPPLLNSKQCVDWVQTKLITKERDK
seq136	ESGAFINAQEDLLYSSPVLLCM
seq137	PEHGCATPGADPKEMLFCKYDGTIFKQFGSGKVIGESGCAKKFVLVSPSDTGLNGLNYRGGLGEFYQDLV
seq138	LLPLLPEVKITGNMPGRLANMLGGMGHLINELIPPYAKKD
seq139	LRFEALGSNERAGSGLEEIQEQGLADWALLVYMSFSPKSGRDFLVSYAYDW
seq140	SRQHCLAKVTTEPENRSDVTMTLSQIKKYWSLGVAQDTGRLLSFSS
seq141	EESYIEDEKIMSIMSEWLNRKVELFTSQMDDAAFVGTMFAKHISEEANFILLAQ
seq142	RAEVNATMGQLVDGLEADTRYQLITKNIANLAGA
seq143	DTKSLNNRWVFILGKEPALLARASVAKT
seq144	ADSLKARLPTLLVLFRD
seq145	AFIRSAADLPVAKDLFKADAKVPLPVAETPKNELHLSLLNVMGEKSTGYERALNTGILKALVALLDDSYN
seq146	KKELTCWLPAWSSGDLLGLPPLGILCPAEVVRFPTTACCLEDAGPNREPNS
seq147	MVWNCLALEGSILIRMSAKLYLKLKSDHSFPLIQSNQLDPVMRVSQANLEALVPAIELGAYWPT
seq148	IRMTAISIILPIVPAPMMMPSRRDAKENLLHKSKPLPFRPGIKRYAAIGAEPEALGEFMDHDSRKV
seq149	EKAREKWSYIRAGWRPLRRLMTGRCTYGDIEEGSPSETML
seq150	WRSPKLVESAFVLHTLPTTHFLGPVNVINHSWHLGSF
seq151	NSSCEGIVSEVCFVMPGIQHKAKKIVKLDYGLPERYRRTAIRMLDRGRRTYYDQPRLDQEYDVDINAR
seq152	GHIYDIQDRATMHKEPDYLSMDKNHEFGGLCAGSALLS
seq153	FLNEITTIKTQDKAKFLNIVFFHARSQQGRSD
seq154	QYTSKRWVNDYGRLTIWQWLPLPRPLWAQRRP
seq155	STGDGGLKLVPMARVDAGLALALYVASD
seq156	TEIVARIVNPARNQINRLATKVPANSVAHGGLQVHMWFLFNALVRAIYGANITRNPERAQGSDDEEVYRAPPDG
seq157	GNKNFIPKAFPDTDSTLRPVSNSVDYK
seq158	KLSTIFYASISGTVLETELAACALILPDAATGPLINILWFAGDDLVGLSGCDILYNLLEVHSMIWDARGEEGAVEMNKMHDKPLCIVW
seq159	SSTGALNRKPRADGATAIDVVGPDAQ
seq160	PCSGLLMSNNAELTTKMNQNGVIFSN
seq161	LTRLGVVNDDPRFKDRKRKPGQSELPLDDLIMSKMRT
seq162	IVNGLVTVAQASLPTYLASFVRHGNV
seq163	PFNDNAYVVWQTPVLNA
seq164	DEVNNDNCRIKFKGDISSESDKMNINY
seq165	VARREEAWAEMISSTALLRKNDPGELLSNANAQDRAIWP
seq166	NGLPKHKSGMNSEAESKVKANRAG
seq167	PLVSQLVPSSKVEAALIGHSAPNWSMSYLRNAKYAFKMDGDEEHYIPDVGQPGGNSMPDPAIRLKENQA
seq168	DMMVQTYSLTLNVHQHPQGGHH
seq169	IGVGRPPLDLILEFRKF
seq170	SNSGIGYFQHLSLYLFKAGNDAADLSRLAPGQGKSTAFAS
seq171	AFDMRADPDFLISSTGSWLPWPTEFRRMVKPNFDTLQL
seq172	GYVEESFFEVPPSSEKFLMEHRCTFA
seq173	GVVTPAKEKLMSGILERYRLSNQPAGNRDAD
seq174	ARDTYVSSKGYQRTYLE
seq175	GQGKDHPTHGLIALSRTTVASPRSQPSQNHTA
seq176	SLLFEARPIRMINRTSGNEGADRRHM
seq177	DLEGEEVVAKIPYVGRKQARAALDEPKHTGPQNLMAEFVPIRDDTTMRPYFVGYEDEENKHAIQARAF
seq178	QGRSGRSRLLALVTVKDPAIMKGIIIMSDKRGDDTQDQTVGYAMPQLANRLYW
seq179	ERNFYRSEPDPFSMVSYFTMFSDCCEMFNKPRYVSMFPRLAWWSMGFNPRECWSTLRMSDYQKV
seq180	DTTKTLILMKRATCPRKYRCAL
seq181	KPCRCMMWTRWDSY
seq182	RVTHVAKHIFRPKGCHGDVTILSRGTPSSRYKFRELGSKWRVYRIW
seq183	TCIWNWIYLNMRLENGWFEVECTIGHYYEDFYPY
seq184	CTVSHMLKSPWPAFMMDYY
seq185	GWSGDFKADRIQHQVQWRGSNVAPQMSNNWDFM
seq186	PDWDENIYFYLPPKNLTADSFW
seq187	NRLELIFWGYMEDRRCRDEDHFYINERDYPYIMQWDM
seq188	NVWLGCTNIPFTFCHMRNWMAMSTHEESWFVLIQHVHGPP
seq189	WSDTVTPCKNRIGFQSQKAWHKGHWWSVQQSS
seq190	CGWREDRIVDWGGNFMKVHAFEGKCMIMIEKWN
seq191	ADEPSRYCLEHTPAKWEPCKARPEGPQDNFTTFMCSG
seq192	IHAHVGTWGYVGMCLAMNCRPGTRALMFVATLQNGFGNMPE
seq193	IYMSSLATCWGKDRKHRLDPFEYNA
seq194	CYHKTEKVCVHDLPGKWGASDLVGWDRIDGDHGFPKTAVKRCFYCAYPQG
seq195	AVANAFWGLQRHTRLVEIHKTCQLRDSMMFAR
seq196	TCIRHKVGCVWGILEYLHDAKLCNI
seq197	PPNDPCYTWDDFIWMCTKPPNTDWYCPGQQENL
seq198	FKQWKFNWAVKHQCHMLNDEKLFMFRGRYYDDP
seq199	LIFQTVQLRVNPVETAKKQMHDTHFWGHRTQNC
